"TITLE","FIRST_NAME","MIDDLE_NAME","LAST_NAME","NICKNAME","INITIALS","SEX","PHONE_NUMBER","FAX_NUMBER","EMAIL_ADDRESS","LANGUAGE","ContactId","AddressId"
"","Karl","","Muller","","","M","0622734567","","karl.mueller@sap.com","E","0100000000","1000000034"
"","Dagmar","","Schulze","","","F","3088530","","dagmar.schulze@beckerberlin.de","E","0100000001","1000000035"
"","Maria","","Brown","","","F","3023352668","","maria.brown@delbont.com","E","0100000002","1000000036"
"","Saskia","Clara","Sommer","","","F","511403266","","saskia.sommer@talpa-hannover.de","E","0100000003","1000000037"
"","Bob","","Buyer","","","M","2244668800","","bob.buyer@panorama-studios.biz","E","0100000004","1000000038"
"","Bart","Friedrich","Koenig","","","M","2511415","","bart.koenig@tecum-ag.de","E","0100000005","1000000039"
"","Yoko","","Nakamura","","","F","9078563412","","yoko.nakamura@asia-ht.com","E","0100000006","1000000040"
"","Sophie","","Ribery","","","F","149744423","","sophie.ribery@laurent-paris.com","E","0100000007","1000000041"
"","Victor","","Sanchez","","","M","7257716","","victor.sanchez@avantel.com","E","0100000008","1000000042"
"","Jorge","","Velez","","","M","1133557799","","jorge.velez@telecomunicacionesstar.com","E","0100000009","1000000043"
"","Franklin","","Jones","","","M","6789012345","","franklin.jones@pear-computing.com","E","0100000010","1000000044"
"","Joseph","","Gschwandtner","","","M","6623612804","","joseph_gschwandtner@alp-systems.at","E","0100000011","1000000045"
"","George","David","Grant","","","M","2589436180","","george_d_grant@newlinedesign.co.uk","E","0100000012","1000000046"
"","Sarah","","Schwind","","","F","4507867136","","sarah.schwind@hepa-tec.de","E","0100000013","1000000047"
"","Theodor","","Monathy","","","M","5850428367","","theodor.monathy@anavideon.com","E","0100000014","1000000048"
"","Robert","","Brown","","","M","7609448173","","robert_brown@rb-entertainment.ca","E","0100000015","1000000049"
"","Jorge","","Montalban","","","M","6879342945","","jorgemontalban@motc.mx","E","0100000016","1000000050"
"","Johanna","","Esther","","","F","2208791738","","johanna.esther@meliva.de","E","0100000017","1000000051"
"","Miguel","","Luengo","","","M","4440238917","","miguel.luengo@compostela.ar","E","0100000018","1000000052"
"","Isabel","","Nemours","","","F","6328490087","","isabel.nemours@pateu.fr","E","0100000019","1000000053"
"","Igor","","Tarassow","","","M","4050378468","","igor.tarassow@retc.ru","E","0100000020","1000000054"
"","Alexis","","Harper","","","F","6065470312","","alexis.harper@flor-hc.com","E","0100000021","1000000055"
"","Cristal","","Alfaro","","","F","7980023486","","c.alfaro@quimica-madrilenos.es","E","0100000022","1000000056"
"","Sven","","Janssen","","","M","3629731486","","sven.j@getraenke-janssen.de","E","0100000023","1000000057"
"","Yoshiko","","Kakuji","","","F","3206580974","","yoshiko.kakuji@jateco.jp","E","0100000024","1000000058"
"","Alessio","","Galasso","","","M","4580963184","","alessio.galasso@tcdr.it","E","0100000025","1000000059"
"","Romain","","Le Mason","","","M","1012697341","","romain.le_mason@verdo.fr","E","0100000026","1000000060"
"","Martha","","Calcagno","","","F","7345697824","","martha.calcagno@dpg.ar","E","0100000027","1000000061"
"","Beatriz","","da Silva","","","F","469614115","","beatriz.da_silva@brazil-tec.br","E","0100000028","1000000062"
"","Anthony","","Leboeuf","","","M","6839542781","","anthony.lebouef@crtu.ca","E","0100000029","1000000063"
"","Lisa","","Felske","","","F","6714954542","","lisa.felske@jologa.ch","E","0100000030","1000000064"
"","Jonathan","Dwight","Mason","","","M","2483693027","","jonathan.d.mason@baleda.com","E","0100000031","1000000065"
"","Amélie","","Troyat","","","F","2094573421","","amelie.troyat@angere.fr","E","0100000032","1000000066"
"","Pete","","Waltham","","","M","4136278910","","pete_waltham@pc-gym-tec.com","E","0100000033","1000000067"
"","Ryu","","Toshiro","","","M","3540671320","","ryu.toshiro@jip.jp","E","0100000034","1000000068"
"","José","","Lopez","","","M","7315064077","","jose-lopez@en-ar.ar","E","0100000035","1000000069"
"","Dahoma","","Lawla","","","M","4381762683","","dahoma.lawla@agadc.co.za","E","0100000036","1000000070"
"","Jefferson","","Parker","","","M","9703586412","","jefferson.parker@pico-bit.com","E","0100000037","1000000071"
"","Tamara","","Flaig","","","F","6843585642","","tamara.flaig@brl-ag.de","E","0100000038","1000000072"
"","Sunita","","Kapoor","","","F","4203876954","","sunita-kapoor@it-trade.in","E","0100000039","1000000073"
"","Pawel","","Lewandowski","","","M","8367920106","","pawel-lewandoski@catf.pl","E","0100000040","1000000074"
"","Laura","","Campillo","","","F","1438907230","","laura.campillo@saitc.ar","E","0100000041","1000000075"
"","Jian","","Si","","","M","7412697340","","jian.si@siwusha.cn","E","0100000042","1000000076"
"","Frederik","","Christensen","","","M","3102050749","","frederik.christensen@dftc.dk","E","0100000043","1000000077"
"","Mirjam","","Schmidt","","","F","3102050749","","mirjam.schmidt@sorali.de","E","0100000044","1000000078"